id;nom;prenom;contact;adresse;sexe
1;reciprocal withdrawal;synthesize compressing;multi-byte Administrateur;paradigm;M
2;envisioneer;Coordinateur world-class Adaptive;capacitor hard;iterate;M
3;Avon neural content;Jewelery c;Licensed;uniform content;M
4;Concrete Cotton Metal;Mouse;connect Ergonomic;Music paradigms;F
5;Bourgogne c a;Plastic;regional;Grocery;F
6;a Proactive Granite;c Up-sized payment;background magenta;Music leverage Pants;F
7;sexy Reduced;Niger Manager;JBOD optical;Executif invoice;F
8;Account b;Checking;feed;b cutting-edge Account;M
9;bricks-and-clicks magnetic invoice;b silver;reinvent Loan;Fresh c;M
10;withdrawal Mouse;Savings program hack;Dinar withdrawal navigate;synthesize;M
